FPS,JANK,BigJANK,Max FrameTime(ms),CPU(%),CPU0(%),CPU1(%),CPU2(%),CPU3(%),CPU4(%),CPU5(%),CPU6(%),CPU7(%),CPU0(MHz),CPU1(MHz),CPU2(MHz),CPU3(MHz),CPU4(MHz),CPU5(MHz),CPU6(MHz),CPU7(MHz),CPU(°C),DDR(MHz),GPU(%),GPU(KHz),Battery(%),Battery(°C),Battery(mA),Battery(volt)
56,0,0,33.00,60.11,65.22,66.32,58.51,55.21,65.26,54.26,44.09,73.20,1150,1150,1150,1150,800,800,800,800,79.20,5500,98.00,721,58,43.10,1827,3.863
54,0,0,33.01,67.80,81.05,78.13,73.96,70.41,63.16,57.14,51.58,64.89,2000,2000,2000,2000,2850,2850,2850,2850,80.00,6400,99.00,852,58,43.10,1827,3.863
56,0,0,49.51,78.29,96.97,91.75,92.93,90.53,64.58,68.37,59.00,62.77,2000,2000,2000,2000,2650,2650,2650,600,81.10,6400,100.00,572,58,43.10,2194,3.863
59,0,0,33.04,57.44,66.33,65.66,60.00,61.11,72.55,45.71,27.72,61.68,2000,2000,2000,2000,1500,1500,1500,800,74.30,5500,98.00,555,58,43.10,2194,3.866
60,0,0,33.03,52.74,60.67,62.63,63.27,51.65,70.33,47.83,15.05,49.46,1600,1600,1600,1600,1300,1300,1300,1200,71.80,2667,91.00,572,58,43.10,2194,3.866
55,1,1,82.51,59.06,61.54,66.67,56.38,61.05,67.01,50.00,47.92,61.22,2000,2000,2000,2000,2850,2850,2850,800,87.70,5500,84.00,773,58,43.10,1301,3.866
57,0,0,33.00,71.32,62.79,72.04,86.87,84.85,68.63,66.02,59.79,68.00,2000,2000,2000,2000,2400,2400,2400,600,83.00,5500,99.00,852,58,43.10,1301,3.866
53,0,0,33.03,53.86,57.45,60.42,57.00,56.12,63.16,49.49,34.74,54.46,1000,1000,1000,1000,1800,1800,1800,1700,80.80,5500,98.00,852,58,43.10,2205,3.832
54,0,0,33.01,50.31,54.26,52.38,45.36,46.53,54.00,46.46,41.18,62.14,1000,1000,1000,1000,1500,1500,1500,1500,80.80,3200,100.00,852,58,43.10,1899,3.832
38,0,0,98.99,44.91,55.06,42.70,50.96,59.79,43.30,31.96,37.76,37.50,900,900,900,900,2400,2400,2400,1100,78.40,3200,73.00,721,58,43.10,1899,3.832
51,0,0,33.02,53.25,58.62,59.79,51.09,58.33,56.99,38.30,44.44,55.67,1500,1500,1500,1500,700,700,700,700,78.40,3200,13.00,721,58,43.10,1899,3.859
52,0,0,49.49,52.39,56.52,55.79,51.55,48.00,63.27,50.00,39.18,56.44,800,800,800,800,2850,2850,2850,2000,76.00,3200,21.00,852,58,43.10,1433,3.859
47,0,0,49.50,45.15,47.13,48.42,42.42,44.55,52.53,49.00,35.64,43.00,1300,1300,1300,1300,2850,2850,2850,600,79.30,5500,90.00,852,58,43.10,1433,3.859
52,0,0,33.05,46.78,51.65,48.96,51.52,49.02,58.25,40.20,24.24,48.04,800,800,800,800,2850,2850,2850,500,76.40,3200,90.00,572,58,43.10,1808,3.853
51,1,1,99.01,44.34,47.13,48.94,42.57,46.46,46.67,37.63,42.11,44.57,1050,1050,1050,1050,2250,2250,2250,2300,79.30,5500,98.00,852,58,43.10,1452,3.853
50,1,1,132.03,46.55,52.13,53.33,44.90,45.63,40.20,42.16,53.47,41.35,1050,1050,1050,1050,1200,1200,1200,500,79.00,4266,99.00,852,58,43.10,1452,3.853
52,1,1,82.52,47.69,53.33,52.53,52.00,38.54,59.60,48.98,27.37,49.50,1050,1050,1050,1050,1000,1000,1000,1000,77.70,4266,93.00,747,58,43.10,1452,3.843
58,0,0,33.05,53.23,58.24,58.42,51.00,46.74,65.26,49.00,33.68,62.38,800,800,800,800,1300,1300,1300,2350,77.90,3200,37.00,800,58,43.10,1554,3.843
58,0,0,33.00,43.49,54.44,43.96,43.00,38.78,58.95,42.16,22.34,43.43,1300,1300,1300,1300,1400,1400,1400,1400,79.00,3200,98.00,837,58,43.10,1554,3.843
59,0,0,49.51,45.82,50.54,54.08,43.30,43.43,62.38,44.00,24.51,45.54,800,800,800,800,1700,1700,1700,1700,79.30,5500,100.00,852,58,43.10,1691,3.864
53,0,0,49.51,48.90,51.65,51.06,51.49,46.39,56.00,44.79,33.33,57.73,1300,1300,1300,1300,1900,1900,1900,1400,80.00,5500,100.00,852,58,43.10,1725,3.864
56,0,0,33.02,48.83,52.17,52.43,49.02,43.00,54.81,51.92,37.86,50.49,1500,1500,1500,1500,1600,1600,1600,500,80.70,5500,98.00,852,58,43.10,1725,3.864
50,0,0,33.03,42.60,47.78,47.87,39.18,36.73,51.04,41.18,30.93,47.96,1050,1050,1050,1050,2200,2200,2200,1000,80.00,4266,100.00,852,58,43.10,1725,3.864
54,0,0,33.07,59.43,58.70,51.11,62.89,55.43,64.36,55.21,50.53,71.43,2000,2000,2000,2000,2850,2850,2850,2850,82.20,6400,98.00,852,58,43.10,1683,3.859
56,0,0,33.01,66.29,73.96,78.64,71.00,67.62,62.14,66.98,48.48,63.00,1150,1150,1150,1150,900,900,900,900,80.00,4266,99.00,822,58,43.30,1990,3.859
52,0,0,33.05,45.39,51.11,50.53,39.13,38.54,54.26,41.49,30.21,57.43,900,900,900,900,2000,2000,2000,1400,80.30,6400,98.00,852,58,43.30,1990,3.859
57,0,0,33.05,48.61,53.76,52.08,45.92,45.26,62.75,43.81,28.71,55.24,1400,1400,1400,1400,1800,1800,1800,2000,75.90,4266,39.00,590,58,43.30,1710,3.857
59,0,0,33.01,65.22,74.73,76.60,74.19,77.66,60.44,54.55,49.46,54.84,2000,2000,2000,2000,2850,2850,2850,2000,81.20,5500,97.00,800,58,43.30,1710,3.857
54,0,0,33.03,81.04,91.18,92.08,95.15,94.12,69.39,76.24,60.00,69.00,2000,2000,2000,2000,2850,2850,2850,2850,89.10,6400,99.00,852,58,43.30,1710,3.857
51,0,0,33.01,71.93,81.72,76.92,80.22,98.96,61.22,59.57,60.87,55.91,2000,2000,2000,2000,2850,2850,2850,2550,88.70,6400,99.00,852,58,43.30,2625,3.857
55,0,0,33.02,63.96,73.27,72.73,68.69,75.51,54.08,55.67,48.48,62.63,2000,2000,2000,2000,1800,1800,1800,2850,84.90,4266,98.00,852,58,43.30,2406,3.827
51,0,0,49.51,49.54,51.76,48.42,52.13,55.67,65.63,42.86,30.53,49.49,2000,2000,2000,2000,1000,1000,1000,1000,82.90,4266,86.00,822,58,43.30,2406,3.827
54,0,0,49.69,52.41,56.52,55.10,53.00,60.00,63.37,51.43,31.00,51.02,2000,2000,2000,2000,2000,2000,2000,1400,82.90,5500,98.00,852,58,43.30,1713,3.827
50,0,0,49.43,49.08,57.78,54.35,49.47,42.27,55.21,51.55,32.98,49.50,900,900,900,900,1500,1500,1500,500,82.30,1866,98.00,852,58,43.30,1713,3.861
50,1,1,82.50,45.91,54.84,53.00,46.32,63.00,45.63,33.67,25.51,47.00,2000,2000,2000,2000,2850,2850,2850,2450,89.30,5500,98.00,852,58,43.30,1713,3.861
55,0,0,33.00,43.15,45.98,47.00,40.21,38.95,55.10,43.56,27.84,42.72,2000,2000,2000,2000,2850,2850,2850,2850,78.90,5500,100.00,695,58,43.30,1619,3.861
56,0,0,33.02,44.09,55.21,48.42,41.84,48.04,45.54,41.58,35.35,36.46,850,850,850,850,1000,1000,1000,1800,81.20,2133,96.00,852,58,43.30,1619,3.879
55,0,0,33.02,42.63,52.58,53.47,44.44,42.27,47.52,30.30,31.31,38.61,800,800,800,800,1400,1400,1400,1600,78.30,2667,92.00,504,58,43.30,1619,3.879
58,0,0,33.00,46.12,54.74,52.58,49.48,43.62,63.27,35.71,19.61,52.94,850,850,850,850,2000,2000,2000,2000,78.90,5500,98.00,852,58,43.30,1339,3.879
52,1,1,132.04,45.59,48.31,51.58,45.92,55.56,46.81,35.35,24.49,56.70,1400,1400,1400,1400,1700,1700,1700,1800,79.40,5500,91.00,800,58,43.30,1339,3.87
60,0,0,33.00,44.43,53.76,52.53,42.27,46.46,60.40,40.40,18.18,37.76,1050,1050,1050,1050,1500,1500,1500,1500,79.80,5500,99.00,822,58,43.30,1339,3.87
60,0,0,33.00,45.61,55.43,50.54,49.02,48.48,61.54,41.18,18.37,40.21,1100,1100,1100,1100,1900,1900,1900,1500,80.40,5500,94.00,852,58,43.30,1653,3.87
58,0,0,33.01,43.20,51.61,54.17,40.22,41.49,54.17,41.67,22.58,39.58,1000,1000,1000,1000,2850,2850,2850,2450,81.50,6400,95.00,852,58,43.30,1653,3.863
56,0,0,33.01,44.35,53.13,51.02,44.55,42.86,46.00,34.34,34.69,51.00,800,800,800,800,2850,2850,2850,500,81.90,6400,98.00,852,58,43.30,1653,3.863
57,0,0,33.05,48.68,52.22,50.00,44.68,50.00,51.06,50.50,40.00,51.55,1300,1300,1300,1300,2150,2150,2150,2150,81.80,5500,99.00,852,58,43.30,1895,3.863
50,0,0,49.51,48.35,52.22,54.00,46.32,42.71,55.00,44.90,36.63,53.06,800,800,800,800,2250,2250,2250,600,81.50,5500,98.00,852,58,43.30,1895,3.848
52,0,0,33.04,53.65,56.04,56.04,43.96,44.09,63.27,60.42,45.45,60.82,950,950,950,950,1100,1100,1100,1100,80.20,5500,74.00,852,58,43.30,1895,3.848
60,0,0,32.99,46.63,53.33,52.53,48.48,50.51,65.66,38.38,21.00,44.12,800,800,800,800,800,800,800,800,81.10,4266,98.00,852,58,43.30,1585,3.848
52,0,0,33.03,48.60,54.95,50.55,42.55,44.57,51.06,48.96,39.80,56.84,2000,2000,2000,2000,1400,1400,1400,1300,80.80,5500,94.00,852,58,43.30,1585,3.848
57,0,0,33.02,44.72,53.13,49.45,37.63,45.10,59.60,40.40,29.00,42.71,800,800,800,800,1900,1900,1900,800,80.40,5500,4.00,852,58,43.30,1585,3.861
51,0,0,33.05,45.91,53.33,52.00,42.86,40.22,54.17,44.44,27.37,52.53,1500,1500,1500,1500,600,600,600,500,80.30,4266,99.00,852,58,43.30,1664,3.861
57,0,0,33.04,52.39,56.04,55.56,43.96,46.32,69.31,47.52,38.00,64.65,2000,2000,2000,2000,1000,1000,1000,1000,80.90,4266,98.00,852,58,43.30,1664,3.861
54,0,0,33.09,48.40,52.17,51.06,43.75,40.00,58.59,44.44,39.22,56.00,1100,1100,1100,1100,800,800,800,800,81.00,4266,98.00,852,58,43.30,1664,3.856
57,0,0,33.03,50.52,55.56,51.61,46.32,50.00,63.92,45.36,41.41,50.00,1100,1100,1100,1100,1900,1900,1900,600,77.60,2667,60.00,521,58,43.30,1645,3.856
58,0,0,33.00,47.25,57.45,53.19,52.00,49.49,61.46,34.38,25.74,45.10,800,800,800,800,1700,1700,1700,1800,78.80,4266,99.00,800,58,43.30,1645,3.856
57,0,0,49.49,45.26,51.09,48.94,45.36,40.43,54.17,38.38,25.00,59.18,1300,1300,1300,1300,1600,1600,1600,1600,79.40,5500,97.00,852,58,43.50,1645,3.866
55,0,0,33.01,46.43,58.76,48.91,45.36,51.04,52.53,35.79,26.04,51.52,1050,1050,1050,1050,1400,1400,1400,1100,80.50,5500,98.00,852,58,43.50,1653,3.866
56,0,0,49.54,45.41,51.14,52.69,41.30,43.16,55.79,47.37,22.34,49.48,800,800,800,800,2850,2850,2850,2850,80.30,6400,97.00,852,58,43.50,1653,3.866
59,0,0,33.01,47.59,53.93,51.04,42.55,40.43,59.79,50.98,29.17,54.46,1900,1900,1900,1900,2850,2850,2850,500,80.60,5500,98.00,852,58,43.50,1664,3.861
52,0,0,49.51,46.34,51.69,53.06,44.57,44.79,50.96,35.48,41.67,45.36,1250,1250,1250,1250,2000,2000,2000,1900,81.60,5500,99.00,852,58,43.50,1785,3.861
49,0,0,49.51,48.44,54.74,52.00,50.00,43.88,53.40,45.71,36.27,54.00,1100,1100,1100,1100,2450,2450,2450,2450,82.40,5500,98.00,852,58,43.50,1785,3.861
58,0,0,33.25,49.21,53.68,50.54,42.11,41.05,68.37,50.00,36.17,48.39,2000,2000,2000,2000,1300,1300,1300,1400,82.20,4266,97.00,852,58,43.50,1785,3.861
60,0,0,32.98,44.62,49.43,50.49,35.23,44.33,66.34,37.37,23.00,49.51,2000,2000,2000,2000,1900,1900,1900,1000,80.60,4266,97.00,773,58,43.50,1649,3.852
57,0,0,33.02,44.90,56.25,55.56,41.49,32.58,65.63,40.00,20.83,46.94,800,800,800,800,1900,1900,1900,1600,81.30,3200,98.00,852,58,43.50,1649,3.852
55,0,0,33.01,51.02,56.52,55.67,49.48,50.00,61.17,38.95,40.59,55.45,1300,1300,1300,1300,1600,1600,1600,1100,81.00,4266,98.00,800,58,43.50,1717,3.852
58,0,0,33.02,44.97,49.44,51.02,44.09,40.00,56.04,44.68,26.37,47.37,900,900,900,900,1400,1400,1400,1300,80.90,5500,99.00,822,58,43.50,1683,3.854
59,0,0,33.02,44.13,53.68,51.09,48.00,39.36,59.78,37.89,22.68,42.42,1300,1300,1300,1300,1300,1300,1300,1400,80.00,4266,70.00,800,58,43.50,1683,3.854
57,0,0,33.02,42.66,52.63,49.49,43.56,39.39,58.00,38.38,22.00,38.54,850,850,850,850,1400,1400,1400,1300,80.90,5500,98.00,852,58,43.50,1683,3.854
57,0,0,33.00,47.01,52.69,51.65,45.16,46.88,57.14,47.37,24.74,51.04,850,850,850,850,1600,1600,1600,1600,79.30,5500,98.00,747,58,43.50,1657,3.863
59,0,0,33.00,46.26,56.12,51.04,46.46,49.00,59.00,40.00,22.77,46.23,800,800,800,800,2400,2400,2400,900,76.80,3200,94.00,695,58,43.50,1657,3.863
58,0,0,49.49,43.76,55.67,52.43,41.05,39.78,62.63,30.85,22.22,43.75,2000,2000,2000,2000,2250,2250,2250,1900,77.60,6400,97.00,747,58,43.50,1399,3.863
57,0,0,33.00,46.16,55.79,55.45,41.49,45.92,54.17,42.42,26.32,49.50,1150,1150,1150,1150,1600,1600,1600,1600,79.50,2667,99.00,852,58,43.50,1517,3.863
56,0,0,49.50,47.47,52.17,50.53,49.50,51.49,56.86,36.36,32.67,48.04,800,800,800,800,2300,2300,2300,2350,79.50,6400,98.00,852,58,43.50,1517,3.86
47,0,0,82.51,41.41,53.68,49.49,48.98,43.62,45.74,34.34,25.00,32.26,1600,1600,1600,1600,1200,1200,1200,500,80.30,3200,98.00,852,58,43.50,1517,3.86
54,0,0,33.09,47.81,56.38,48.96,51.46,51.61,63.64,40.40,28.57,40.00,2000,2000,2000,2000,1200,1200,1200,800,77.10,4266,90.00,642,58,43.50,1615,3.86
55,0,0,49.51,46.53,55.67,54.00,48.48,53.47,55.67,34.34,25.51,44.44,900,900,900,900,1800,1800,1800,500,78.80,4266,91.00,852,58,43.50,1615,3.86
51,0,0,49.53,46.95,56.25,51.55,46.53,45.45,50.51,44.44,39.00,44.44,2000,2000,2000,2000,1800,1800,1800,1700,84.90,3200,99.00,721,58,43.50,1679,3.86
60,0,0,33.00,52.57,70.00,60.22,51.04,57.73,63.00,39.13,25.25,55.10,1250,1250,1250,1250,2050,2050,2050,1200,76.90,5500,92.00,504,58,43.50,1823,3.86
49,1,1,99.02,47.52,50.54,53.00,42.86,45.92,60.20,43.14,29.59,51.00,2000,2000,2000,2000,2150,2150,2150,1500,79.70,5500,98.00,837,58,43.50,1823,3.863
56,1,1,82.51,49.81,55.21,54.81,50.00,53.54,64.71,43.00,29.29,50.00,950,950,950,950,2050,2050,2050,2050,80.00,5500,98.00,830,58,43.50,1823,3.863
60,0,0,32.99,45.28,57.14,48.94,45.36,46.94,58.59,40.00,23.30,42.27,1050,1050,1050,1050,1600,1600,1600,1600,80.60,5500,99.00,852,58,43.50,1759,3.863
59,0,0,33.02,44.10,56.70,52.04,45.26,40.00,58.33,37.89,23.40,36.84,1100,1100,1100,1100,2150,2150,2150,500,80.50,6400,97.00,852,58,43.50,1759,3.863
59,0,0,33.01,48.03,56.60,53.92,39.58,40.59,62.14,44.00,31.07,54.90,2000,2000,2000,2000,1600,1600,1600,1000,81.30,6400,98.00,852,58,43.50,1713,3.853
53,0,0,33.02,48.64,55.91,57.73,42.11,51.04,48.00,48.45,40.40,45.83,1100,1100,1100,1100,1400,1400,1400,500,82.20,5500,99.00,852,58,43.50,1853,3.853
52,0,0,33.03,47.40,57.43,51.00,40.00,44.33,58.00,50.98,26.88,49.49,1200,1200,1200,1200,1400,1400,1400,1300,82.20,4266,99.00,852,58,43.50,1853,3.853
57,0,0,33.05,62.39,70.30,70.83,64.58,65.26,58.06,57.29,45.36,66.67,2000,2000,2000,2000,1700,1700,1700,2850,82.70,5500,99.00,852,57,43.70,1853,3.853
52,0,0,33.07,51.71,56.00,60.58,42.27,48.54,59.00,47.12,37.86,61.17,1150,1150,1150,1150,1500,1500,1500,1300,81.80,5500,97.00,852,57,43.70,1929,3.839
59,0,0,33.01,49.62,59.38,55.45,43.88,46.32,66.67,46.08,26.80,53.13,1150,1150,1150,1150,2400,2400,2400,500,81.50,4266,89.00,852,57,43.70,1929,3.839
56,0,0,33.02,48.05,62.63,52.17,47.87,39.13,57.73,43.43,29.29,53.06,1600,1600,1600,1600,2000,2000,2000,2000,82.10,5500,98.00,852,57,43.70,1687,3.839
60,0,0,33.00,44.92,57.14,54.08,45.16,43.01,62.63,34.38,17.53,45.54,850,850,850,850,1300,1300,1300,1200,80.90,4266,99.00,852,57,43.70,1725,3.853
53,0,0,33.05,45.90,56.70,50.51,40.63,43.30,52.58,43.14,30.00,48.51,850,850,850,850,1900,1900,1900,1400,81.50,6400,98.00,852,57,43.70,1725,3.853
60,0,0,32.99,44.52,53.61,54.55,47.37,43.88,61.00,34.34,20.62,42.00,900,900,900,900,1400,1400,1400,1200,77.40,2667,99.00,538,57,43.70,1725,3.853
56,0,0,49.50,47.40,54.26,48.96,43.43,46.08,60.42,42.57,26.26,57.28,2000,2000,2000,2000,2000,2000,2000,600,78.90,5500,100.00,747,57,43.70,1290,3.856
54,0,0,33.00,43.75,50.54,47.42,40.00,37.63,44.55,44.21,32.65,52.58,800,800,800,800,1600,1600,1600,600,80.50,6400,97.00,852,57,43.70,1290,3.856
53,0,0,49.50,48.44,52.63,52.00,44.55,48.42,60.61,46.08,35.29,46.60,1000,1000,1000,1000,2850,2850,2850,2850,83.50,6400,99.00,852,57,43.70,1827,3.856
57,0,0,33.09,49.48,53.76,50.53,44.68,50.00,59.80,39.58,35.48,61.62,2000,2000,2000,2000,1800,1800,1800,1600,82.00,4266,98.00,852,57,43.70,1785,3.856
52,0,0,33.06,43.78,53.47,44.21,40.82,37.11,49.49,53.40,25.49,45.10,2000,2000,2000,2000,1400,1400,1400,1400,82.30,4266,98.00,852,57,43.70,1785,3.855
55,0,0,33.02,52.55,58.00,54.17,45.74,50.51,64.00,45.92,36.36,65.71,1000,1000,1000,1000,700,700,700,900,81.30,5500,97.00,852,57,43.70,1785,3.855
52,0,0,49.49,47.20,54.95,51.65,48.91,52.75,57.45,37.11,31.25,43.16,1150,1150,1150,1150,900,900,900,500,76.80,2667,97.00,504,57,43.70,1607,3.855
59,0,0,33.03,51.06,58.00,54.17,51.52,54.46,72.28,43.14,26.73,48.57,950,950,950,950,1000,1000,1000,1000,75.90,2133,99.00,616,57,43.70,1199,3.856
59,0,0,33.01,49.53,61.70,56.67,51.65,62.11,64.89,38.71,18.48,43.16,1600,1600,1600,1600,1300,1300,1300,800,73.20,2667,98.00,453,57,43.70,1199,3.856
57,0,0,49.51,48.91,59.60,50.53,54.74,49.48,56.99,39.00,22.55,60.40,2000,2000,2000,2000,2350,2350,2350,700,76.60,5500,91.00,852,57,43.70,957,3.856
59,0,0,33.01,46.93,54.44,49.45,44.44,48.96,60.61,46.39,23.91,45.83,2000,2000,2000,2000,1500,1500,1500,1000,74.40,2133,96.00,538,57,43.70,957,3.873
59,0,0,32.99,47.40,55.10,49.46,44.68,58.59,63.27,36.08,27.27,44.21,1300,1300,1300,1300,1800,1800,1800,1800,76.90,5500,97.00,773,57,43.70,957,3.873
45,0,0,49.50,43.29,53.54,47.47,43.56,54.29,48.04,46.46,18.37,35.35,950,950,950,950,2850,2850,2850,2850,78.30,6400,97.00,852,57,43.70,1596,3.873
52,0,0,33.06,48.79,56.04,51.58,44.21,60.95,54.64,39.80,38.00,44.44,1800,1800,1800,1800,800,800,800,500,78.70,3200,98.00,852,57,43.70,1653,3.867
56,0,0,33.02,53.69,58.24,58.06,54.35,54.26,69.07,49.47,34.74,48.94,1400,1400,1400,1400,1200,1200,1200,1400,76.70,5500,92.00,695,57,43.70,1653,3.867
51,0,0,49.52,44.95,52.13,45.74,41.49,42.11,50.50,46.94,37.00,45.00,1100,1100,1100,1100,2150,2150,2150,500,79.60,4266,43.00,852,57,43.70,1543,3.867
53,0,0,33.03,48.22,53.76,56.38,50.53,56.84,55.56,45.65,23.71,43.30,1400,1400,1400,1400,1500,1500,1500,1500,76.00,3200,99.00,487,57,43.70,1543,3.867
59,0,0,33.00,46.88,54.74,52.58,45.26,44.79,50.52,38.38,38.61,52.43,1400,1400,1400,1400,2050,2050,2050,2050,79.00,6400,99.00,852,57,43.70,1543,3.863
53,1,1,99.04,43.75,52.63,46.74,46.32,38.04,62.89,40.40,20.62,40.21,1150,1150,1150,1150,1500,1500,1500,1500,78.40,5500,84.00,852,57,43.70,1676,3.863
53,1,0,65.98,42.34,53.68,51.06,45.83,46.88,55.10,31.25,20.83,36.00,2000,2000,2000,2000,1400,1400,1400,1400,77.90,6400,93.00,721,57,43.70,1619,3.863
59,0,0,33.01,46.04,58.33,53.68,48.98,44.33,57.89,41.35,20.41,43.14,1800,1800,1800,1800,1800,1800,1800,1000,79.50,5500,95.00,837,57,43.70,1619,3.857
60,0,0,33.00,44.11,52.63,52.04,39.13,46.88,60.61,37.11,22.77,43.75,2000,2000,2000,2000,1500,1500,1500,1000,80.20,2667,97.00,852,57,43.70,1619,3.857
58,0,0,49.51,44.08,53.68,46.81,48.45,45.71,60.78,40.40,17.89,38.24,1100,1100,1100,1100,1500,1500,1500,1200,79.50,5500,98.00,822,57,43.70,1619,3.857
56,0,0,33.01,43.75,53.19,45.65,45.74,52.53,55.79,39.18,18.75,37.50,1600,1600,1600,1600,1400,1400,1400,1500,80.70,6400,98.00,852,57,43.70,1619,3.857
57,0,0,33.01,48.67,57.89,53.06,45.74,54.46,64.71,37.76,26.00,51.00,2000,2000,2000,2000,2150,2150,2150,600,80.50,6400,98.00,852,57,43.80,1744,3.857
58,0,0,33.02,47.63,55.32,44.94,43.62,56.44,58.95,45.83,32.65,43.16,1250,1250,1250,1250,1600,1600,1600,1200,80.80,6400,98.00,852,57,43.80,1744,3.857
54,0,0,33.02,50.57,58.51,50.00,43.01,45.92,58.88,48.00,43.14,57.84,2000,2000,2000,2000,900,900,900,900,80.80,6400,98.00,852,57,43.80,1744,3.857
55,0,0,33.03,47.53,53.33,50.00,44.09,50.52,56.12,43.88,26.80,53.54,2000,2000,2000,2000,1200,1200,1200,500,80.80,6400,99.00,852,57,43.80,1623,3.858
58,0,0,33.00,50.38,58.59,55.21,47.31,49.00,60.00,46.00,35.05,52.94,950,950,950,950,1600,1600,1600,700,79.50,5500,98.00,800,57,43.80,1623,3.858
59,0,0,33.02,49.80,59.79,54.26,45.05,51.55,63.00,43.75,30.61,52.00,2000,2000,2000,2000,2850,2850,2850,1000,80.30,4266,98.00,852,57,43.80,1623,3.858
53,0,0,33.02,46.23,56.38,43.82,36.96,40.22,52.04,43.43,41.41,54.29,2000,2000,2000,2000,1000,1000,1000,500,80.20,6400,98.00,830,57,43.80,1585,3.858
54,0,0,49.51,46.35,53.85,50.00,43.75,40.86,58.95,49.47,26.04,44.79,1700,1700,1700,1700,1000,1000,1000,1000,80.40,6400,98.00,852,57,43.80,1585,3.858
50,0,0,33.09,46.00,52.08,50.53,38.95,49.50,57.00,41.00,32.00,47.52,1900,1900,1900,1900,800,800,800,1100,79.80,4266,99.00,822,57,43.80,1585,3.858
56,0,0,33.04,50.39,57.61,54.74,41.38,48.45,50.53,53.54,36.17,59.80,1500,1500,1500,1500,1100,1100,1100,800,80.40,6400,0.00,852,57,43.80,1536,3.857
55,0,0,33.01,51.78,61.46,51.61,44.57,50.00,52.00,51.46,49.52,55.56,950,950,950,950,1200,1200,1200,1200,80.80,4266,98.00,852,57,43.80,1536,3.857
59,0,0,33.01,53.59,63.44,51.14,53.26,47.13,62.24,46.24,38.54,62.63,1300,1300,1300,1300,1700,1700,1700,2850,92.80,4266,99.00,668,57,43.80,1536,3.857
58,0,0,32.95,52.12,59.38,60.22,51.04,55.00,65.35,39.60,27.84,60.20,1800,1800,1800,1800,1800,1800,1800,1300,80.40,4266,98.00,852,57,43.80,1607,3.857
54,0,0,33.06,48.11,56.12,54.08,44.33,46.00,48.00,50.00,39.39,46.53,2000,2000,2000,2000,1800,1800,1800,1800,81.20,5500,46.00,852,57,43.80,1607,3.868
56,0,0,33.04,49.49,58.16,51.11,45.16,49.00,64.00,45.54,35.00,47.47,1000,1000,1000,1000,1100,1100,1100,1000,76.10,2667,100.00,538,57,43.80,1607,3.868
59,0,0,33.00,47.98,55.43,51.61,44.79,43.30,63.27,43.43,29.59,53.06,1050,1050,1050,1050,1900,1900,1900,1900,78.20,5500,97.00,747,57,43.80,1108,3.868
58,0,0,33.02,44.66,57.43,49.46,38.95,46.94,58.25,41.24,25.25,40.00,1400,1400,1400,1400,2550,2550,2550,700,79.90,6400,98.00,852,57,43.80,1108,3.875
58,0,0,49.51,46.98,57.73,50.51,41.67,40.00,55.00,45.00,35.29,49.51,800,800,800,800,1500,1500,1500,500,80.50,5500,98.00,852,57,43.80,1108,3.875
52,0,0,49.51,46.34,53.76,48.35,38.89,43.01,51.61,48.51,30.85,56.25,800,800,800,800,2150,2150,2150,900,80.80,4266,98.00,852,57,43.80,1759,3.875
53,0,0,33.01,48.85,56.38,53.61,46.39,55.10,55.10,46.46,31.00,46.00,1100,1100,1100,1100,900,900,900,600,75.10,1866,95.00,487,57,43.80,1759,3.875
60,0,0,33.02,51.16,61.29,51.58,57.58,58.16,68.00,40.00,28.13,44.66,1100,1100,1100,1100,1000,1000,1000,900,73.90,3200,89.00,504,57,43.80,1759,3.869
59,0,0,33.01,50.07,57.95,56.38,56.99,54.64,65.59,38.30,22.34,49.48,900,900,900,900,500,500,500,1000,72.60,2667,98.00,572,57,43.80,1093,3.869
57,0,0,49.50,50.58,55.43,53.26,48.98,50.53,59.18,41.18,39.58,56.70,950,950,950,950,2000,2000,2000,600,76.80,5500,89.00,800,57,43.80,1093,3.869
59,0,0,33.00,46.06,51.65,50.00,44.79,53.54,60.00,41.67,22.92,43.88,800,800,800,800,1500,1500,1500,1400,75.10,3200,96.00,668,57,43.80,1093,3.869
60,0,0,33.00,46.10,51.55,47.83,40.43,47.52,62.63,40.82,28.43,51.00,850,850,850,850,1800,1800,1800,500,76.80,4266,99.00,721,57,43.80,1388,3.865
56,0,0,33.04,44.51,52.04,47.37,41.05,44.55,39.00,47.06,36.89,47.96,900,900,900,900,1800,1800,1800,1900,79.50,5500,98.00,852,57,43.80,1388,3.865
55,0,0,33.04,46.65,50.52,46.24,40.43,43.30,57.89,39.58,36.63,55.45,1250,1250,1250,1250,1600,1600,1600,600,80.20,3200,99.00,852,57,43.80,1388,3.865
52,0,0,33.02,46.77,50.55,49.49,40.21,39.58,53.06,42.86,46.00,55.88,1400,1400,1400,1400,1100,1100,1100,1200,80.50,4266,98.00,852,57,43.80,1755,3.85
52,0,0,33.04,54.61,57.30,54.74,50.00,52.08,63.83,59.79,35.87,61.46,2000,2000,2000,2000,1400,1400,1400,1500,79.40,4266,95.00,852,57,43.80,1755,3.85
59,0,0,33.00,53.03,55.79,52.69,51.04,58.51,64.95,56.84,30.93,53.68,2000,2000,2000,2000,1700,1700,1700,1300,79.80,5500,86.00,845,57,43.80,1755,3.85
52,0,0,33.03,46.86,55.45,48.04,34.04,37.62,57.84,51.46,38.89,51.85,950,950,950,950,1400,1400,1400,500,80.00,6400,91.00,837,57,43.90,1763,3.859
58,0,0,49.50,45.88,56.70,46.94,45.92,44.33,57.58,43.43,25.77,45.63,1150,1150,1150,1150,1100,1100,1100,1700,79.40,4266,89.00,852,57,43.90,1763,3.859
58,0,0,33.05,44.84,53.26,47.25,38.20,38.04,59.14,39.39,32.29,50.98,950,950,950,950,2850,2850,2850,2850,80.40,6400,98.00,852,57,43.90,1763,3.859
55,0,0,33.02,50.32,56.38,53.61,48.45,51.00,53.00,55.00,29.17,56.57,800,800,800,800,1200,1200,1200,2850,79.10,6400,98.00,852,57,43.90,1717,3.854
44,0,0,82.53,43.70,51.09,46.88,47.92,46.39,52.58,39.22,21.65,42.27,950,950,950,950,1100,1100,1100,1100,80.30,4266,98.00,852,57,43.90,1717,3.854
53,0,0,33.01,48.81,52.81,50.54,57.00,49.47,60.64,42.39,36.73,44.55,1400,1400,1400,1400,1200,1200,1200,1300,77.30,3200,97.00,642,57,43.90,1717,3.854
55,0,0,33.00,46.19,54.55,52.53,39.36,45.36,59.79,45.00,27.00,45.10,1400,1400,1400,1400,2000,2000,2000,500,80.00,5500,98.00,852,57,43.90,1407,3.854
49,0,0,49.50,44.30,52.58,43.16,40.21,35.42,54.90,44.44,32.00,48.51,1800,1800,1800,1800,1500,1500,1500,500,80.20,2667,94.00,773,57,43.90,1407,3.856
60,0,0,33.00,47.23,56.57,52.17,51.02,50.00,55.21,48.98,22.68,43.43,1200,1200,1200,1200,1600,1600,1600,1700,76.80,4266,97.00,538,57,43.90,1407,3.856
49,2,1,99.03,50.51,56.84,46.81,44.79,49.50,68.75,49.48,39.00,49.02,2000,2000,2000,2000,2850,2850,2850,2850,81.70,6400,99.00,852,57,43.90,1532,3.856
56,0,0,33.02,49.94,58.70,53.92,53.68,54.55,53.54,45.10,28.71,52.00,1300,1300,1300,1300,1300,1300,1300,600,80.80,5500,98.00,852,57,43.90,1532,3.839
57,0,0,66.00,45.89,51.09,49.49,53.06,37.89,62.89,43.56,26.00,46.46,850,850,850,850,1300,1300,1300,1300,79.60,4266,93.00,815,57,43.90,1664,3.839
60,0,0,33.01,47.41,53.85,54.55,46.94,45.26,59.18,44.21,23.96,51.00,2000,2000,2000,2000,1200,1200,1200,1300,80.20,5500,97.00,845,57,43.90,1706,3.839
60,0,0,33.00,45.43,50.00,48.96,42.71,41.67,61.86,41.41,27.27,48.51,800,800,800,800,1400,1400,1400,1400,80.50,6400,98.00,815,57,43.90,1706,3.852
57,0,0,49.50,48.37,51.69,55.21,47.37,51.58,61.46,47.00,31.00,44.33,1200,1200,1200,1200,1500,1500,1500,1500,79.70,4266,98.00,852,57,43.90,1706,3.852
55,0,0,49.52,48.62,54.12,50.52,46.24,51.58,54.08,41.67,35.79,54.08,1150,1150,1150,1150,1500,1500,1500,1300,81.10,5500,99.00,852,57,43.90,1634,3.852
53,0,0,49.50,51.09,52.13,54.08,45.92,48.98,64.29,45.00,39.80,58.59,1400,1400,1400,1400,1900,1900,1900,2850,82.00,5500,98.00,852,57,43.90,1634,3.852
53,0,0,33.04,46.10,49.43,48.45,38.95,42.86,48.45,47.42,38.24,54.55,900,900,900,900,1700,1700,1700,2850,83.10,5500,98.00,852,57,43.90,1850,3.822
52,0,0,49.48,51.02,57.89,53.13,45.36,48.48,60.00,42.86,44.55,57.58,1600,1600,1600,1600,1400,1400,1400,1100,82.10,5500,99.00,852,57,43.90,1857,3.822
54,0,0,49.49,55.72,60.00,59.78,51.11,49.48,63.44,59.00,43.62,58.00,1500,1500,1500,1500,900,900,900,1000,78.70,4266,85.00,521,57,43.90,1857,3.822
59,0,0,33.01,49.93,56.84,55.56,46.39,51.04,70.00,42.11,30.00,47.47,900,900,900,900,1400,1400,1400,1400,77.70,4266,78.00,747,57,43.90,1857,3.854
58,0,0,33.02,46.00,51.14,51.55,31.40,42.39,59.60,46.46,26.04,57.43,800,800,800,800,1400,1400,1400,1400,79.10,2667,97.00,852,57,43.90,1365,3.854
58,0,0,33.03,46.90,54.74,53.92,42.11,47.47,54.08,45.63,26.73,50.98,2000,2000,2000,2000,1700,1700,1700,1000,79.90,5500,98.00,830,57,43.90,1365,3.854
58,0,0,33.01,49.48,56.04,56.70,54.17,51.02,62.11,45.45,27.55,44.90,2000,2000,2000,2000,2300,2300,2300,500,81.10,6400,98.00,852,57,43.90,1619,3.853
52,0,0,49.50,48.83,56.12,48.96,48.00,49.02,52.38,50.00,32.65,52.43,1150,1150,1150,1150,1400,1400,1400,1300,81.10,6400,98.00,852,57,43.90,1774,3.853
58,0,0,33.07,50.65,54.95,49.48,40.22,50.00,62.11,52.83,38.00,58.42,800,800,800,800,1600,1600,1600,500,80.90,5500,98.00,852,57,43.90,1774,3.853
50,0,0,49.51,48.79,57.14,45.74,45.26,46.39,53.54,53.06,33.66,55.67,2000,2000,2000,2000,1200,1200,1200,1500,81.70,4266,98.00,852,57,43.90,1774,3.853
53,0,0,33.04,47.76,54.17,47.42,42.11,47.96,59.79,43.00,34.69,52.43,800,800,800,800,1100,1100,1100,1100,81.70,4266,98.00,852,57,43.90,1729,3.846
58,0,0,33.00,45.51,51.06,51.55,42.27,38.78,60.00,35.79,30.61,53.54,1400,1400,1400,1400,2750,2750,2750,1200,81.00,3200,95.00,800,57,43.90,1729,3.846
55,0,0,33.03,45.42,51.65,49.46,41.05,44.79,60.00,43.56,27.27,46.94,1300,1300,1300,1300,1400,1400,1400,500,80.90,3200,98.00,852,57,43.90,1785,3.846
54,0,0,82.52,45.08,54.74,46.32,40.00,45.36,54.81,40.40,22.77,54.90,1300,1300,1300,1300,1200,1200,1200,1100,78.50,3200,91.00,695,57,43.90,1626,3.852
58,0,0,49.51,47.72,56.70,56.38,60.61,45.26,64.58,38.95,22.11,38.00,800,800,800,800,1100,1100,1100,1100,77.80,3200,92.00,668,56,43.90,1626,3.852
56,0,0,49.50,44.23,57.95,58.00,48.96,46.81,59.60,26.53,29.52,28.00,1400,1400,1400,1400,600,600,600,600,71.70,2667,93.00,219,56,43.90,1626,3.852
60,0,0,32.98,44.92,62.11,60.40,51.00,52.63,61.62,21.51,19.35,29.00,850,850,850,850,600,600,600,500,68.60,1866,74.00,219,56,43.90,688,3.882
45,1,1,82.54,41.49,60.40,53.06,46.46,43.16,52.63,31.25,21.65,21.28,800,800,800,800,2150,2150,2150,500,72.00,5500,0.00,219,56,43.90,639,3.882
36,0,0,247.55,39.90,55.66,46.08,39.00,40.63,42.86,36.36,22.55,35.64,900,900,900,900,1500,1500,1500,1300,73.70,4266,94.00,852,56,43.90,639,3.882
60,0,0,33.01,45.36,59.80,51.58,46.53,45.26,66.67,30.53,11.83,48.45,1600,1600,1600,1600,1400,1400,1400,1400,75.70,5500,80.00,852,56,43.90,1498,3.881
60,0,0,33.01,47.40,57.14,57.00,56.70,42.27,57.89,35.71,27.72,44.55,1000,1000,1000,1000,2850,2850,2850,2850,75.80,3200,98.00,852,56,43.90,1498,3.881
57,1,0,66.03,47.46,58.42,53.26,44.33,44.79,60.42,42.55,21.88,54.64,1300,1300,1300,1300,1500,1500,1500,1600,78.90,5500,97.00,852,56,43.90,1498,3.881
55,0,0,33.00,44.74,54.46,48.96,43.56,42.71,52.58,43.88,31.96,39.78,2000,2000,2000,2000,2150,2150,2150,1500,79.70,5500,98.00,852,56,43.90,1770,3.859
53,0,0,33.02,43.53,53.77,51.00,35.79,41.75,53.85,35.71,29.41,42.57,2000,2000,2000,2000,1800,1800,1800,2000,80.70,5500,98.00,852,56,43.90,1744,3.859
58,0,0,33.04,44.98,56.31,52.00,45.92,39.56,59.57,39.78,29.79,40.00,2000,2000,2000,2000,1200,1200,1200,1300,79.50,4266,89.00,852,56,43.90,1744,3.859
53,0,0,33.01,55.53,64.65,65.35,56.70,53.06,57.58,44.68,43.88,53.68,2000,2000,2000,2000,1800,1800,1800,2750,80.80,6400,95.00,852,56,43.90,1641,3.859
57,0,0,33.01,56.15,61.76,59.60,59.38,52.53,65.05,51.00,41.49,58.42,2000,2000,2000,2000,1400,1400,1400,1400,81.10,4266,98.00,852,56,43.90,1641,3.837
54,0,0,33.06,48.66,61.39,57.28,44.00,40.22,52.04,50.51,32.99,51.04,2000,2000,2000,2000,1000,1000,1000,1000,81.40,5500,98.00,852,56,43.90,1641,3.837
54,0,0,33.02,47.55,56.70,51.52,44.33,41.05,65.63,34.74,29.90,55.56,800,800,800,800,1100,1100,1100,1100,81.10,4266,97.00,852,56,43.90,1763,3.837
49,0,0,33.04,52.20,60.00,53.47,48.98,46.39,62.75,51.04,35.35,57.84,1300,1300,1300,1300,1100,1100,1100,500,80.40,5500,88.00,852,56,43.90,1645,3.851
55,0,0,33.03,50.13,60.00,56.12,47.92,47.87,57.29,45.92,27.08,57.89,1000,1000,1000,1000,1600,1600,1600,500,81.20,5500,97.00,852,56,43.90,1645,3.851
52,0,0,33.08,50.37,63.11,56.73,48.51,40.86,56.44,44.90,37.62,55.34,1800,1800,1800,1800,900,900,900,800,81.20,5500,98.00,852,56,43.90,1713,3.851
58,0,0,33.01,50.32,58.76,57.84,43.48,50.53,64.65,43.01,25.81,55.00,2000,2000,2000,2000,1000,1000,1000,1000,76.80,2667,98.00,590,56,43.90,1713,3.848
58,0,0,33.01,48.48,56.38,53.92,48.00,46.46,67.68,38.14,28.71,48.48,1100,1100,1100,1100,1400,1400,1400,700,78.90,4266,98.00,800,56,43.90,1713,3.848
44,0,0,66.00,41.38,53.92,47.52,41.58,37.76,56.44,33.00,25.51,35.11,1150,1150,1150,1150,2150,2150,2150,2150,78.30,5500,60.00,852,56,43.90,1558,3.848
54,0,0,33.06,48.26,57.69,54.46,51.92,54.17,52.04,39.80,32.67,38.78,950,950,950,950,1200,1200,1200,500,79.90,5500,84.00,852,56,43.90,1623,3.848
58,0,0,33.01,50.00,58.06,53.68,46.94,52.00,65.26,46.00,34.69,48.00,1700,1700,1700,1700,1700,1700,1700,1700,78.50,4266,94.00,721,56,43.90,1623,3.852
51,0,0,49.51,42.31,53.40,49.50,37.37,37.76,56.57,40.43,26.04,36.46,1900,1900,1900,1900,2450,2450,2450,700,80.90,5500,78.00,852,56,43.90,1649,3.852
53,0,0,33.06,48.52,58.59,54.81,56.57,53.06,51.96,40.00,28.00,42.86,800,800,800,800,1700,1700,1700,2750,77.50,5500,94.00,538,56,43.90,1649,3.852
55,0,0,65.99,47.72,57.43,55.88,48.51,50.53,63.92,33.33,21.65,50.50,2000,2000,2000,2000,2450,2450,2450,2000,79.80,6400,94.00,852,56,43.90,1649,3.853
52,0,0,99.00,47.74,54.17,54.37,48.45,53.13,50.98,51.00,26.73,43.00,1150,1150,1150,1150,1400,1400,1400,800,80.50,3200,98.00,852,56,43.90,1747,3.853
53,0,0,65.99,45.53,58.10,50.50,45.83,49.48,50.00,41.84,24.24,41.18,1100,1100,1100,1100,1000,1000,1000,500,78.30,5500,91.00,721,56,43.90,1683,3.853
60,0,0,33.00,47.92,55.88,49.46,51.04,51.09,65.59,38.14,22.34,51.46,2000,2000,2000,2000,2000,2000,2000,2150,79.00,5500,65.00,807,56,43.90,1683,3.853
59,0,0,33.00,46.20,56.86,51.52,44.33,48.54,61.86,41.75,18.09,50.00,1500,1500,1500,1500,1400,1400,1400,500,79.90,6400,98.00,852,56,43.90,1581,3.849
59,0,0,33.00,45.48,58.59,48.94,47.37,44.21,63.54,38.54,16.49,44.21,800,800,800,800,2100,2100,2100,500,80.30,6400,99.00,852,56,43.90,1581,3.849
53,0,0,33.01,46.22,58.10,51.02,40.86,44.44,54.64,35.79,31.91,49.49,2000,2000,2000,2000,1100,1100,1100,1100,80.60,4266,98.00,852,56,43.90,1581,3.849
55,0,0,33.05,50.64,59.60,57.58,49.48,55.67,56.57,39.36,34.69,49.46,800,800,800,800,700,700,700,600,76.00,2667,98.00,642,56,43.90,1483,3.847
59,0,0,33.06,54.56,62.63,53.68,55.10,60.40,73.47,50.51,24.73,55.88,1250,1250,1250,1250,1000,1000,1000,900,74.60,3200,98.00,572,56,44.00,1097,3.847
60,0,0,33.01,50.52,63.27,55.91,52.04,61.05,70.53,38.14,17.89,45.10,1100,1100,1100,1100,1200,1200,1200,900,73.20,3200,79.00,642,56,44.00,1097,3.847
57,0,0,49.54,50.95,57.69,52.63,51.55,47.96,57.58,57.28,38.38,46.00,1600,1600,1600,1600,2000,2000,2000,1300,76.50,5500,100.00,800,56,44.00,1255,3.847
56,0,0,33.02,47.90,53.06,52.08,38.30,52.04,41.41,49.49,40.43,53.00,1200,1200,1200,1200,800,800,800,1000,79.40,6400,95.00,852,56,44.00,1255,3.842
53,0,0,33.01,48.26,56.86,50.53,43.88,44.68,52.53,41.24,40.21,56.84,2000,2000,2000,2000,1500,1500,1500,500,79.90,4266,98.00,852,56,44.00,1255,3.842
55,0,0,33.01,53.12,58.82,54.00,47.47,52.08,62.75,50.50,36.63,61.54,1100,1100,1100,1100,1200,1200,1200,500,79.60,4266,94.00,845,56,44.00,1732,3.842
53,0,0,33.01,46.02,53.26,48.39,38.95,43.30,54.64,41.41,36.36,52.94,1300,1300,1300,1300,1500,1500,1500,1400,80.00,5500,99.00,852,56,44.00,1732,3.849
59,0,0,33.01,49.35,57.58,51.09,52.58,43.16,60.00,43.30,30.93,55.56,1100,1100,1100,1100,1000,1000,1000,900,75.50,3200,87.00,538,56,44.00,1732,3.849
58,0,0,33.01,46.41,54.26,48.91,45.16,51.52,60.20,46.94,21.28,41.05,1000,1000,1000,1000,1400,1400,1400,1500,77.30,3200,95.00,773,56,44.00,1195,3.849
59,0,0,33.01,44.47,52.17,50.53,38.54,44.09,60.00,43.16,25.00,43.56,1050,1050,1050,1050,1300,1300,1300,800,78.00,3200,98.00,852,56,44.00,1195,3.861
51,0,0,33.04,45.30,54.55,46.15,43.62,40.21,55.21,39.39,35.64,48.51,1800,1800,1800,1800,1400,1400,1400,900,78.40,4266,99.00,852,56,44.00,1195,3.861
59,0,0,32.99,48.99,52.44,52.27,45.83,46.24,64.21,46.32,33.70,53.54,850,850,850,850,1200,1200,1200,1200,78.80,4266,95.00,852,56,44.00,1418,3.861
58,0,0,33.01,50.79,57.78,56.38,53.13,49.49,58.76,45.26,29.47,55.10,1700,1700,1700,1700,1200,1200,1200,1000,79.20,5500,97.00,852,56,44.00,1418,3.845
59,0,0,32.99,44.81,52.94,47.25,43.01,45.16,56.57,41.84,22.92,49.47,1500,1500,1500,1500,1400,1400,1400,1600,79.50,4266,98.00,852,56,44.00,1418,3.845
54,0,0,33.07,50.96,58.24,54.08,49.49,46.08,65.66,44.79,38.00,51.52,2000,2000,2000,2000,2850,2850,2850,1000,83.00,4266,95.00,852,56,44.00,1573,3.845
55,0,0,49.50,49.60,52.44,46.59,44.09,44.68,67.00,51.55,35.05,54.00,1300,1300,1300,1300,1400,1400,1400,1000,79.90,4266,98.00,852,56,44.00,1573,3.851
56,0,0,49.51,45.62,49.41,49.45,42.27,44.44,60.64,53.61,23.91,42.71,1250,1250,1250,1250,1400,1400,1400,500,80.30,5500,93.00,852,56,44.00,1581,3.851
56,0,0,33.01,47.81,51.16,47.19,48.42,39.58,59.79,47.96,35.79,50.00,900,900,900,900,1600,1600,1600,1300,80.90,3200,98.00,852,56,44.00,1694,3.851
55,0,0,33.00,42.89,51.11,43.48,42.11,45.65,59.18,32.63,25.00,46.08,1600,1600,1600,1600,1400,1400,1400,500,80.40,3200,98.00,852,56,44.00,1694,3.851
54,0,0,33.01,46.63,55.06,47.78,41.05,45.16,57.89,46.46,28.87,52.00,2000,2000,2000,2000,1000,1000,1000,1000,81.00,4266,98.00,852,56,44.00,1694,3.846
56,0,0,49.52,53.57,60.00,50.00,51.02,47.31,68.69,50.00,36.46,63.92,950,950,950,950,1100,1100,1100,1100,79.50,4266,100.00,800,56,44.00,1634,3.846
57,0,0,33.00,49.15,55.17,49.44,49.48,47.31,59.41,52.58,29.70,50.51,1150,1150,1150,1150,1900,1900,1900,2850,79.90,4266,86.00,852,56,44.00,1634,3.846
53,0,0,33.02,44.91,50.00,47.31,45.74,51.52,57.58,36.08,30.00,42.00,1150,1150,1150,1150,1200,1200,1200,1200,80.30,4266,97.00,852,56,44.00,1653,3.856
47,1,1,82.49,43.39,51.69,46.15,46.07,48.45,42.55,34.38,40.63,38.30,800,800,800,800,1000,1000,1000,900,80.30,2667,97.00,852,56,44.00,1486,3.856
55,0,0,33.03,51.68,55.81,56.12,58.33,52.53,61.22,41.84,41.00,49.50,2000,2000,2000,2000,800,800,800,800,77.10,3200,97.00,695,56,44.00,1486,3.856
54,0,0,33.03,47.51,49.43,48.86,41.05,39.13,67.01,43.88,37.11,50.00,900,900,900,900,2850,2850,2850,2850,77.90,5500,95.00,773,56,44.00,1486,3.862
50,0,0,49.51,45.35,48.91,50.54,42.39,49.49,47.42,37.76,39.80,47.47,1250,1250,1250,1250,1000,1000,1000,1000,78.10,2667,100.00,773,56,44.00,1570,3.862
59,0,0,33.00,48.21,51.16,52.22,45.74,47.87,66.33,43.30,28.42,52.48,950,950,950,950,2200,2200,2200,2450,74.70,5500,99.00,487,56,44.00,1570,3.862
51,1,1,82.51,41.53,49.44,42.53,43.16,45.45,39.36,32.98,34.34,46.00,2000,2000,2000,2000,2200,2200,2200,1000,80.30,6400,76.00,642,56,44.00,1570,3.862
57,0,0,66.00,44.07,46.59,45.56,43.62,45.36,63.54,37.86,25.25,43.69,2000,2000,2000,2000,1800,1800,1800,600,78.00,5500,97.00,800,56,44.00,1524,3.864
59,0,0,33.02,47.22,53.19,53.26,43.01,46.32,66.67,42.16,23.23,50.48,1200,1200,1200,1200,1300,1300,1300,1300,78.60,4266,98.00,852,56,44.00,1524,3.864
59,0,0,32.99,45.44,55.43,45.45,48.42,45.83,66.67,39.80,14.89,48.57,2000,2000,2000,2000,1600,1600,1600,1700,79.50,5500,97.00,852,56,44.00,1524,3.864
55,0,0,49.50,46.75,50.00,50.00,38.89,45.45,63.27,42.27,33.33,49.00,2000,2000,2000,2000,2150,2150,2150,800,78.60,6400,99.00,807,56,44.00,1600,3.848
54,0,0,33.00,44.92,50.00,42.22,37.89,38.95,46.53,55.56,34.31,52.00,2000,2000,2000,2000,1000,1000,1000,2050,80.60,5500,98.00,852,56,44.00,1600,3.848
50,0,0,33.06,45.89,52.27,49.46,40.63,44.33,46.39,45.00,38.61,51.52,850,850,850,850,1400,1400,1400,1400,80.80,5500,98.00,852,56,44.00,1740,3.848
55,0,0,33.03,54.16,55.43,51.61,48.91,52.04,65.66,57.69,39.36,61.62,1500,1500,1500,1500,1800,1800,1800,1100,80.60,4266,98.00,852,56,44.00,1657,3.843
51,1,0,66.01,51.22,56.38,47.83,40.22,50.00,62.63,56.31,39.60,57.43,1300,1300,1300,1300,1100,1100,1100,2850,76.20,2667,98.00,487,56,44.00,1657,3.843
58,0,0,33.05,53.51,50.59,54.74,57.45,49.49,60.00,64.65,38.78,50.51,1800,1800,1800,1800,800,800,800,700,74.20,4266,100.00,572,56,44.00,1657,3.843
59,0,0,33.01,55.20,63.22,57.78,61.70,58.16,72.73,51.04,24.74,53.61,1600,1600,1600,1600,900,900,900,900,73.10,4266,96.00,616,56,44.00,1002,3.873
56,0,0,49.51,50.07,54.12,54.84,48.39,57.58,71.88,41.24,23.71,49.49,800,800,800,800,2450,2450,2450,2550,74.80,3200,96.00,852,56,44.00,1002,3.873
59,0,0,33.00,48.94,50.00,52.27,47.25,49.48,59.60,44.33,37.37,52.94,2000,2000,2000,2000,1900,1900,1900,1400,76.10,4266,96.00,747,56,44.00,1513,3.873
59,0,0,33.04,44.28,48.28,49.45,42.11,50.00,63.46,40.00,19.15,39.39,800,800,800,800,1700,1700,1700,500,77.90,3200,99.00,852,56,44.00,1585,3.849
54,0,0,33.01,43.83,50.56,52.13,38.46,46.08,52.00,45.10,27.72,41.00,2000,2000,2000,2000,1600,1600,1600,1600,78.70,4266,97.00,815,56,44.00,1585,3.849
56,0,0,33.09,43.78,45.78,50.54,34.09,49.00,52.04,37.11,34.69,45.92,2000,2000,2000,2000,1200,1200,1200,500,79.70,4266,98.00,852,56,44.00,1585,3.849
54,0,0,33.04,48.69,53.93,49.45,45.92,47.96,50.00,52.53,33.67,55.56,1900,1900,1900,1900,1500,1500,1500,500,80.30,5500,99.00,852,56,44.00,1747,3.849
52,0,0,33.01,49.81,49.41,49.45,47.00,43.30,61.86,48.00,34.34,64.00,2000,2000,2000,2000,1700,1700,1700,1200,80.10,5500,98.00,852,56,44.00,1747,3.851
50,0,0,49.50,49.61,51.14,48.31,44.57,56.57,57.73,39.80,38.78,59.00,1100,1100,1100,1100,900,900,900,900,78.80,3200,80.00,822,56,44.00,1641,3.851
55,0,0,33.10,48.09,52.17,48.42,50.00,47.52,61.00,39.39,39.22,50.00,1200,1200,1200,1200,2400,2400,2400,1500,80.30,4266,86.00,852,56,44.00,1494,3.851
57,0,0,33.00,43.92,50.00,45.05,46.32,43.62,57.58,41.84,15.63,52.48,2000,2000,2000,2000,2850,2850,2850,2150,80.90,5500,93.00,852,56,44.00,1494,3.84
57,0,0,33.02,54.61,49.44,50.55,44.44,59.79,64.95,51.02,45.92,67.37,800,800,800,800,1400,1400,1400,500,81.60,4266,98.00,852,56,44.00,1494,3.84
50,0,0,66.00,46.40,48.24,45.56,46.88,38.71,61.46,46.53,34.69,47.52,1700,1700,1700,1700,1400,1400,1400,500,79.50,4266,98.00,747,56,44.00,1785,3.84
59,0,0,33.02,48.38,52.22,54.26,44.79,50.51,63.27,45.45,26.26,51.46,800,800,800,800,1400,1400,1400,1300,80.00,5500,98.00,800,56,44.00,1785,3.855
60,0,0,33.01,45.20,50.00,52.17,40.00,43.88,63.00,41.24,26.53,45.45,950,950,950,950,1500,1500,1500,1400,81.10,5500,98.00,852,56,44.00,1596,3.855
46,0,0,66.00,37.93,42.17,44.09,41.49,40.82,49.49,33.33,19.19,35.71,850,850,850,850,2150,2150,2150,2150,78.80,6400,99.00,852,56,44.00,1676,3.855
54,0,0,33.05,52.12,60.44,55.68,57.43,57.58,53.00,45.36,39.22,49.00,1200,1200,1200,1200,1200,1200,1200,1300,80.90,3200,97.00,852,56,44.00,1676,3.855
58,0,0,33.01,49.15,49.43,53.93,47.37,49.48,59.18,48.98,31.00,54.46,1250,1250,1250,1250,2850,2850,2850,500,78.40,3200,88.00,721,56,44.00,1676,3.839
52,0,0,33.00,42.25,47.13,43.82,37.63,37.11,48.48,43.81,33.65,46.53,1250,1250,1250,1250,2450,2450,2450,2550,81.20,5500,92.00,852,56,44.00,1585,3.839
56,0,0,33.00,42.69,48.91,50.52,44.00,41.05,55.67,38.54,19.39,42.16,900,900,900,900,1700,1700,1700,1800,77.10,3200,100.00,555,56,44.00,1585,3.839
56,0,0,33.04,44.96,51.19,47.87,48.42,48.48,50.98,41.58,28.57,44.66,1150,1150,1150,1150,2850,2850,2850,2000,79.70,4266,98.00,852,56,44.00,1585,3.855
54,1,1,99.02,42.08,44.19,45.05,37.50,51.00,46.88,36.08,19.79,57.58,1000,1000,1000,1000,1400,1400,1400,1400,80.00,5500,93.00,822,56,44.00,1778,3.855
54,0,0,49.50,47.15,49.43,52.17,45.26,53.54,48.45,40.82,32.35,54.08,1100,1100,1100,1100,1400,1400,1400,1400,80.20,4266,95.00,800,56,44.00,1778,3.855
56,0,0,33.09,46.00,51.16,50.00,43.88,46.88,59.79,45.00,26.32,47.47,850,850,850,850,1000,1000,1000,1100,79.90,5500,97.00,852,56,44.00,1778,3.843
58,1,0,66.01,44.63,51.16,48.91,44.21,48.48,57.14,32.99,28.28,44.12,1200,1200,1200,1200,2400,2400,2400,500,79.50,4266,99.00,830,56,44.00,1513,3.843
59,0,0,33.01,44.30,51.65,48.42,44.09,50.00,62.63,39.18,20.00,39.80,1100,1100,1100,1100,1400,1400,1400,500,80.20,5500,95.00,852,56,44.00,1513,3.843
59,0,0,33.01,57.20,59.55,63.04,50.53,54.08,66.02,50.52,40.78,74.26,1900,1900,1900,1900,1900,1900,1900,2000,80.50,6400,98.00,852,56,44.00,1816,3.841
57,0,0,49.50,48.84,50.00,48.94,43.43,45.10,63.64,48.45,27.55,63.00,1150,1150,1150,1150,1400,1400,1400,500,81.80,4266,98.00,852,56,44.00,1808,3.841
55,0,0,49.45,47.99,53.41,46.15,39.36,50.00,58.00,44.33,30.61,59.41,1200,1200,1200,1200,1400,1400,1400,1300,82.10,6400,100.00,852,56,44.00,1808,3.841
54,0,0,33.02,49.94,55.43,46.81,42.86,48.48,58.59,49.49,38.89,60.95,800,800,800,800,1100,1100,1100,1100,81.90,2667,98.00,852,56,44.00,1808,3.837
53,0,0,49.47,50.92,50.56,50.00,48.45,53.61,60.42,45.83,37.11,59.60,1800,1800,1800,1800,1700,1700,1700,500,81.40,5500,98.00,852,56,44.00,1630,3.837
52,0,0,49.52,48.68,52.44,48.91,41.30,48.42,61.39,44.44,40.40,52.53,1050,1050,1050,1050,1600,1600,1600,600,79.90,4266,50.00,668,56,44.00,1630,3.837
57,0,0,33.00,51.61,57.14,57.73,52.04,54.64,65.31,47.47,29.79,50.50,2000,2000,2000,2000,1000,1000,1000,800,76.50,3200,96.00,572,56,44.00,1630,3.837
60,0,0,33.02,48.58,60.64,53.13,51.52,54.90,69.00,37.89,16.84,42.86,1100,1100,1100,1100,1000,1000,1000,1000,75.20,2667,91.00,572,56,44.00,1199,3.863
59,0,0,33.01,48.03,53.93,56.25,54.46,56.57,70.41,28.42,15.00,49.07,1250,1250,1250,1250,1200,1200,1200,500,74.60,2667,99.00,721,56,44.00,1199,3.863
57,0,0,49.50,46.19,45.88,51.65,39.33,48.94,62.24,34.74,40.21,44.90,1300,1300,1300,1300,2850,2850,2850,1000,79.80,6400,98.00,852,56,44.00,1199,3.863
54,0,0,33.02,44.15,47.67,46.94,39.58,47.57,46.53,44.23,33.65,49.52,2000,2000,2000,2000,1600,1600,1600,500,79.90,4266,98.00,852,56,44.00,1770,3.843
57,0,0,33.02,48.33,51.14,53.13,50.52,47.12,59.79,44.33,31.31,50.98,850,850,850,850,1300,1300,1300,1400,76.00,2667,91.00,538,56,44.00,1706,3.843
59,0,0,33.00,47.48,49.44,48.39,46.00,46.94,67.68,42.55,27.45,48.45,1300,1300,1300,1300,1800,1800,1800,1800,77.90,5500,89.00,807,56,44.00,1706,3.843
57,0,0,33.03,44.54,48.89,46.81,39.80,32.29,61.39,45.00,32.67,52.53,800,800,800,800,1800,1800,1800,1800,79.30,2667,95.00,852,56,44.00,1528,3.853
48,0,0,33.06,46.90,54.17,47.31,45.54,46.00,53.00,47.62,32.35,50.00,2000,2000,2000,2000,800,800,800,500,79.30,4266,98.00,852,56,44.00,1528,3.853
54,0,0,33.04,52.34,53.57,51.11,52.63,45.16,68.04,51.65,31.91,61.22,1500,1500,1500,1500,1300,1300,1300,1100,79.90,6400,97.00,852,56,44.00,1528,3.853
53,0,0,33.04,48.47,52.69,48.94,43.75,45.54,55.88,50.50,41.41,52.88,1100,1100,1100,1100,700,700,700,800,80.30,4266,97.00,852,56,44.00,1766,3.853
57,0,0,33.01,53.57,53.93,54.17,49.49,50.00,64.58,46.39,46.94,60.20,800,800,800,800,2000,2000,2000,1900,80.80,3200,97.00,845,56,44.00,1668,3.841
61,0,0,16.62,50.85,48.28,46.59,44.09,36.56,65.66,51.55,46.94,65.69,1050,1050,1050,1050,2850,2850,2850,600,88.40,5500,99.00,845,56,44.00,1668,3.841
58,0,0,33.02,54.92,52.75,52.58,44.33,52.43,77.23,59.22,35.92,64.42,1700,1700,1700,1700,1100,1100,1100,1700,81.30,4266,99.00,830,56,44.00,2103,3.841
53,0,0,33.07,43.67,48.81,47.25,35.87,34.07,56.70,39.78,32.98,53.61,1400,1400,1400,1400,1400,1400,1400,1700,81.60,6400,98.00,852,56,44.00,2103,3.841
58,0,0,33.02,48.98,54.35,51.52,45.74,47.52,64.71,46.08,31.68,50.00,800,800,800,800,1200,1200,1200,1200,80.20,5500,86.00,800,56,44.00,2103,3.843
55,0,0,33.04,44.86,55.43,53.06,37.23,38.14,58.16,42.86,28.16,46.94,950,950,950,950,1600,1600,1600,700,80.70,5500,97.00,852,56,44.00,1532,3.843
56,0,0,33.05,51.93,53.41,54.26,47.06,45.36,67.68,54.64,34.69,58.42,1000,1000,1000,1000,1400,1400,1400,900,78.50,3200,74.00,521,56,44.00,1607,3.843
60,0,0,33.00,48.40,54.84,52.08,51.49,51.55,67.68,36.84,26.00,47.47,1900,1900,1900,1900,2850,2850,2850,500,79.20,5500,92.00,721,56,44.00,1607,3.84
56,0,0,49.50,43.89,47.13,46.32,43.56,36.46,56.99,38.38,29.13,54.37,1000,1000,1000,1000,1400,1400,1400,700,79.40,6400,98.00,852,56,44.00,1509,3.84
56,0,0,33.01,51.86,49.41,47.87,50.00,59.79,61.70,51.04,38.30,54.17,1700,1700,1700,1700,1300,1300,1300,500,80.40,6400,99.00,852,55,44.10,1509,3.84
51,0,0,33.02,51.07,55.91,52.63,43.88,48.00,60.78,55.88,36.63,55.00,850,850,850,850,900,900,900,800,80.60,5500,96.00,852,55,44.10,1509,3.838
55,0,0,33.03,50.51,55.91,53.68,46.46,43.30,54.90,52.53,41.84,56.00,1200,1200,1200,1200,1000,1000,1000,1000,80.90,5500,98.00,852,55,44.10,1660,3.838
53,0,0,49.50,49.81,50.56,51.06,45.36,46.94,63.37,46.00,35.92,59.41,800,800,800,800,1600,1600,1600,1500,81.10,4266,98.00,852,55,44.10,1641,3.838
56,0,0,33.02,53.47,55.91,56.44,48.98,49.49,56.86,54.46,46.00,58.16,800,800,800,800,2850,2850,2850,1300,81.70,5500,99.00,852,55,44.10,1641,3.838
42,0,0,33.08,41.48,53.93,42.53,41.84,44.21,43.30,44.33,24.49,42.00,1500,1500,1500,1500,2850,2850,2850,2850,82.00,4266,98.00,852,55,44.10,1778,3.833
51,0,0,66.00,49.12,48.35,50.52,41.24,53.06,58.25,51.92,37.76,50.00,1050,1050,1050,1050,1000,1000,1000,1000,80.90,2667,98.00,852,55,44.10,1778,3.833
56,0,0,33.02,51.25,57.45,54.44,48.45,51.58,67.37,46.39,34.69,51.06,800,800,800,800,1600,1600,1600,500,78.80,4266,98.00,747,55,44.10,1778,3.833
51,0,0,49.51,45.33,54.46,49.00,33.33,41.24,50.51,45.92,39.60,47.00,2000,2000,2000,2000,1700,1700,1700,1700,81.20,5500,99.00,852,55,44.10,1566,3.851
53,0,0,33.06,43.62,52.48,49.50,39.58,45.10,38.30,39.18,40.00,43.56,850,850,850,850,2000,2000,2000,500,78.50,4266,93.00,555,55,44.10,1910,3.851
57,0,0,50.29,47.17,57.58,50.00,49.00,48.42,51.02,37.23,36.08,48.98,1400,1400,1400,1400,2000,2000,2000,2000,80.30,5500,97.00,852,55,44.10,1910,3.851
54,1,1,99.03,52.11,59.62,54.00,49.00,53.54,64.00,44.12,30.30,62.00,1050,1050,1050,1050,1800,1800,1800,2850,94.80,3200,97.00,830,55,44.10,1660,3.848
55,0,0,33.04,47.11,58.51,54.17,45.26,53.13,59.38,35.16,25.81,43.30,900,900,900,900,2150,2150,2150,2200,79.50,5500,99.00,773,55,44.10,1660,3.848
39,1,1,247.49,62.11,68.00,64.29,68.04,71.28,58.33,62.89,46.81,56.70,2000,2000,2000,2000,2850,2850,2850,2850,85.50,5500,92.00,852,55,44.10,1660,3.848
61,0,0,16.57,50.25,62.50,58.76,52.88,50.52,63.73,38.61,26.47,48.96,2000,2000,2000,2000,1100,1100,1100,1600,82.00,5500,96.00,852,55,44.10,2133,3.848
58,0,0,33.03,49.25,55.88,57.69,49.49,45.00,62.38,44.33,27.55,50.00,1100,1100,1100,1100,2000,2000,2000,2000,82.40,4266,96.00,852,55,44.10,1744,3.838
56,0,0,49.50,49.03,57.89,54.64,46.46,42.42,59.18,50.51,34.04,46.39,900,900,900,900,1400,1400,1400,1400,81.40,4266,99.00,852,55,44.10,1744,3.838
55,0,0,33.01,52.35,58.00,56.84,49.00,45.83,60.20,52.00,36.46,63.00,1500,1500,1500,1500,1200,1200,1200,1500,83.30,4266,97.00,852,55,44.10,1702,3.838
50,0,0,49.52,52.66,63.64,63.11,57.28,56.12,57.14,42.27,28.42,51.52,1100,1100,1100,1100,1200,1200,1200,500,82.60,6400,98.00,852,55,44.10,1702,3.835
55,0,0,33.05,60.36,69.39,63.54,59.18,61.46,64.29,59.57,34.41,67.35,1500,1500,1500,1500,1100,1100,1100,500,82.30,4266,97.00,852,55,44.10,1702,3.835
50,0,0,49.50,56.67,66.33,64.65,60.20,60.82,64.58,44.33,37.11,53.13,1500,1500,1500,1500,1400,1400,1400,500,77.70,3200,97.00,470,55,44.10,1611,3.835
56,0,0,49.53,60.05,73.47,66.67,72.45,69.79,66.67,50.53,29.79,52.63,2000,2000,2000,2000,800,800,800,500,76.70,5500,99.00,590,55,44.10,1146,3.838
60,0,0,16.58,60.25,71.28,72.00,71.11,71.88,66.67,42.27,35.00,50.00,1150,1150,1150,1150,900,900,900,800,74.90,4266,80.00,555,55,44.10,1146,3.838
49,1,1,98.99,61.24,77.17,74.49,70.21,67.02,62.77,49.45,30.77,57.89,2000,2000,2000,2000,2850,2850,2850,2850,83.90,6400,99.00,852,55,44.10,1002,3.838
60,0,0,33.00,53.70,63.64,58.00,52.04,51.52,60.20,49.02,38.78,57.84,1800,1800,1800,1800,1400,1400,1400,500,77.40,5500,71.00,830,55,44.10,1002,3.838
60,0,0,32.99,53.88,62.75,64.08,62.14,61.00,64.95,37.23,27.72,48.00,800,800,800,800,1500,1500,1500,700,78.30,5500,100.00,747,55,44.10,1002,3.84
58,0,0,33.00,53.50,64.13,63.54,62.00,63.00,56.25,44.79,25.53,47.37,2000,2000,2000,2000,2850,2850,2850,800,79.60,5500,99.00,852,55,44.10,1532,3.84
50,0,0,33.03,50.06,63.37,58.95,59.57,54.17,46.81,47.96,30.30,40.21,1900,1900,1900,1900,1400,1400,1400,500,79.90,2667,98.00,852,55,44.10,1744,3.84
55,0,0,33.08,56.38,64.58,58.95,58.25,54.08,64.58,53.00,44.90,54.08,1500,1500,1500,1500,1200,1200,1200,500,80.20,4266,98.00,852,55,44.10,1744,3.84
53,0,0,33.07,60.92,71.43,69.31,68.32,65.63,60.82,54.08,39.81,59.22,800,800,800,800,1000,1000,1000,1000,80.90,4266,98.00,852,55,44.10,1729,3.84
56,0,0,33.06,63.47,71.43,67.35,69.31,67.37,65.96,56.84,41.30,66.34,2000,2000,2000,2000,1400,1400,1400,1500,80.70,5500,95.00,852,55,44.10,1729,3.84
60,0,0,33.01,52.82,63.04,64.95,58.16,61.62,61.39,42.27,23.16,48.51,800,800,800,800,1400,1400,1400,1300,80.30,5500,98.00,800,55,44.10,1729,3.838
60,0,0,33.00,54.59,68.00,66.00,65.31,64.08,62.38,42.27,22.22,43.88,1100,1100,1100,1100,1400,1400,1400,1400,79.70,5500,92.00,800,55,44.10,1524,3.838
55,0,0,33.03,53.64,64.65,63.92,61.76,62.89,52.17,44.09,32.99,46.32,900,900,900,900,1600,1600,1600,500,80.90,4266,97.00,852,55,44.20,1524,3.838
59,0,0,33.02,54.27,68.37,64.13,65.66,60.22,60.20,41.49,27.84,44.79,1700,1700,1700,1700,1700,1700,1700,600,79.80,4266,98.00,800,55,44.20,1524,3.838
59,0,0,33.02,47.72,61.54,56.60,46.67,45.54,61.76,37.11,22.77,50.00,900,900,900,900,1500,1500,1500,500,80.40,6400,98.00,852,55,44.20,1539,3.838
56,0,0,33.03,47.24,59.41,54.46,48.45,48.45,54.64,45.36,24.21,42.11,1500,1500,1500,1500,1100,1100,1100,1100,80.20,6400,98.00,837,55,44.20,1539,3.838
56,0,0,33.01,47.72,55.56,54.46,45.54,43.30,58.95,43.88,30.30,48.51,2000,2000,2000,2000,1100,1100,1100,1000,81.40,4266,98.00,852,55,44.20,1539,3.838
53,0,0,49.51,46.79,54.55,47.87,45.00,43.69,47.42,38.95,53.13,43.01,2000,2000,2000,2000,1500,1500,1500,1500,81.70,5500,98.00,852,55,44.20,1645,3.839
53,0,0,33.02,52.01,62.38,59.22,56.44,50.00,47.37,45.45,38.00,54.55,800,800,800,800,2650,2650,2650,2650,82.70,6400,97.00,852,55,44.20,1645,3.839
41,0,0,65.98,42.61,53.40,48.54,41.51,47.92,40.82,41.00,28.42,40.59,900,900,900,900,1500,1500,1500,1400,80.70,4266,69.00,852,55,44.20,1645,3.839
53,0,0,33.02,52.64,58.00,54.55,51.49,63.92,53.68,54.90,37.00,46.94,1100,1100,1100,1100,1100,1100,1100,700,79.10,3200,89.00,590,55,44.20,1539,3.839
56,0,0,49.50,48.23,59.41,53.47,47.96,49.49,63.92,39.80,20.83,48.51,950,950,950,950,1200,1200,1200,2850,80.60,6400,97.00,852,55,44.20,1539,3.839
49,0,0,49.50,44.60,56.70,44.79,45.71,39.39,48.98,36.73,39.36,47.52,900,900,900,900,1800,1800,1800,500,81.10,4266,98.00,852,55,44.20,1539,3.839
56,0,0,33.05,51.95,62.38,59.62,58.16,53.54,63.00,40.59,25.77,52.04,2000,2000,2000,2000,1300,1300,1300,1200,76.80,4266,98.00,572,55,44.20,1615,3.828
57,0,0,33.00,53.86,66.67,67.01,59.00,58.00,56.99,44.33,34.69,44.68,950,950,950,950,1600,1600,1600,1600,79.50,4266,98.00,852,55,44.20,1615,3.828
51,1,1,82.52,50.32,64.95,63.16,56.25,56.70,63.16,34.34,23.16,43.14,1300,1300,1300,1300,1700,1700,1700,1100,78.60,3200,93.00,800,55,44.20,1615,3.828
58,0,0,49.50,46.65,63.11,58.82,59.22,60.20,55.00,27.55,16.16,30.39,1400,1400,1400,1400,800,800,800,500,71.90,1866,76.00,219,55,44.20,1430,3.828
60,0,0,32.94,51.67,69.47,65.98,72.73,66.32,58.00,31.58,19.15,29.00,1000,1000,1000,1000,800,800,800,500,68.90,2667,73.00,219,55,44.20,1430,3.868
61,0,0,16.60,56.22,77.32,72.55,73.74,72.53,55.79,36.84,24.21,32.99,1150,1150,1150,1150,800,800,800,800,67.60,3200,79.00,219,55,44.20,1430,3.868
60,0,0,33.02,52.88,75.00,69.39,74.23,67.37,59.60,33.33,19.15,26.04,1600,1600,1600,1600,1200,1200,1200,600,66.40,2133,70.00,219,55,44.20,620,3.868
60,0,0,32.97,45.58,67.01,61.00,52.58,57.89,57.29,28.00,14.74,27.00,1050,1050,1050,1050,800,800,800,500,65.60,2667,70.00,219,55,44.20,620,3.877
60,0,0,33.04,47.49,67.68,61.22,55.43,58.59,63.27,29.59,24.75,22.11,2000,2000,2000,2000,700,700,700,500,64.60,2667,90.00,219,55,44.20,620,3.877
59,0,0,33.00,46.28,62.11,59.00,50.00,55.79,66.67,28.00,23.23,23.47,950,950,950,950,500,500,500,500,63.20,1866,62.00,219,55,44.20,646,3.877
59,0,0,33.00,46.32,61.29,63.27,51.09,54.95,68.42,30.21,19.15,24.75,1100,1100,1100,1100,400,400,400,500,62.60,2133,97.00,219,55,44.20,646,3.878
60,0,0,33.03,51.45,68.54,67.02,67.01,60.42,67.71,30.00,22.68,28.57,2000,2000,2000,2000,600,600,600,500,62.50,2667,87.00,219,55,44.20,646,3.878
60,0,0,16.57,47.88,63.83,61.62,57.58,57.84,67.01,31.25,22.22,21.65,1900,1900,1900,1900,700,700,700,500,61.90,3200,85.00,219,55,44.20,571,3.878
60,0,0,33.01,50.26,68.13,62.89,60.20,62.24,66.34,33.33,23.47,26.80,1000,1000,1000,1000,500,500,500,500,61.90,1866,82.00,219,55,44.20,571,3.879
59,0,0,32.99,56.20,75.53,72.16,68.09,72.04,63.83,33.33,27.84,39.00,1000,1000,1000,1000,500,500,500,500,61.70,2667,70.00,219,55,44.20,571,3.879
60,0,0,33.00,56.56,75.76,70.97,73.96,71.88,67.71,35.96,24.18,26.32,2000,2000,2000,2000,700,700,700,2850,69.90,3200,65.00,219,55,44.20,631,3.879
60,0,0,33.00,55.13,70.53,68.93,63.16,62.77,56.70,33.98,23.47,61.22,1600,1600,1600,1600,500,500,500,500,61.60,1866,85.00,219,55,44.20,631,3.879
60,0,0,16.56,46.27,65.63,61.46,56.84,50.53,66.33,27.47,21.43,20.00,1250,1250,1250,1250,500,500,500,500,60.10,1866,76.00,219,55,44.20,631,3.881
60,0,0,33.01,46.49,66.67,56.38,55.88,56.12,64.58,29.59,17.02,27.45,1700,1700,1700,1700,400,400,400,500,59.70,1866,74.00,219,55,44.20,502,3.881
60,0,0,33.00,45.34,60.42,61.76,52.04,50.00,66.67,23.96,22.68,21.65,1300,1300,1300,1300,600,600,600,500,59.50,1866,79.00,219,55,43.90,502,3.881
60,0,0,33.00,51.18,71.13,63.16,66.67,64.29,64.58,32.98,24.47,21.65,1400,1400,1400,1400,400,400,400,500,59.70,2133,85.00,219,55,43.90,502,3.871
59,0,0,33.04,45.88,62.37,57.78,53.26,53.19,66.67,27.96,22.11,26.60,850,850,850,850,1400,1400,1400,500,60.40,2133,71.00,219,55,43.90,559,3.871
36,1,1,330.06,43.85,56.38,50.96,41.58,39.18,45.00,39.22,23.30,53.92,800,800,800,800,2850,2850,2850,2850,69.70,5500,0.00,219,55,43.90,559,3.871
18,1,1,99.00,45.85,60.82,48.42,44.90,41.84,26.73,37.37,25.26,83.16,800,800,800,800,1000,1000,1000,2850,72.70,6400,100.00,852,55,43.90,559,3.871
52,0,0,33.01,50.82,52.13,57.41,47.92,52.04,51.02,42.27,34.31,67.33,1600,1600,1600,1600,1000,1000,1000,2750,73.30,5500,99.00,852,55,43.90,2035,3.856
52,0,0,33.02,55.30,61.00,62.04,62.14,57.58,53.47,50.00,32.04,65.71,1700,1700,1700,1700,1800,1800,1800,1800,75.50,5500,100.00,852,55,43.90,2035,3.856
51,0,0,33.06,61.21,64.84,65.98,65.98,69.39,61.05,52.08,42.11,67.37,2000,2000,2000,2000,1500,1500,1500,1500,76.60,5500,100.00,852,55,43.90,2035,3.856
50,0,0,33.03,56.51,59.57,59.60,56.73,55.88,56.86,54.46,39.22,69.00,800,800,800,800,1700,1700,1700,500,77.30,5500,99.00,852,55,43.90,1880,3.836
50,0,0,33.16,62.50,65.17,70.71,68.69,65.31,56.84,51.49,42.11,79.41,1000,1000,1000,1000,1100,1100,1100,900,78.10,5500,99.00,852,55,43.90,1880,3.836